domainepro,codedomainepro
Achats / Comptabilité / Gestion,M
Arts / Artisanat d'art,B
Banque / Assurance,C
Bâtiment / Travaux Publics,F
Commerce / Vente,D
Communication / Multimédia,E
Conseil / Etudes,M14
Direction d'entreprise,M13
Espaces verts et naturels / Agriculture / Pêche / Soins aux animaux,A
Hôtellerie - Restauration / Tourisme / Animation,G
Immobilier,C15
Industrie,H
Informatique / Télécommunication,M18
Installation / Maintenance,I
Marketing / Stratégie commerciale,M17
Ressources Humaines,M15
Santé,J
Secrétariat / Assistanat,M16
Services à la personne / à la collectivité,K
Spectacle,L
Sport,L14
Transport / Logistique,N
